Employee ID,Employee Name,Department,Designation,Base Salary (INR),Bonus (INR),Net Salary (INR),Payment Date
1001,Deepak Yadav,Operations,Operations Manager,69583,8340,77923,01-04-2026
1002,Priya Reddy,IT,Senior Developer,92618,12009,106927,01-04-2026
1003,Tanya Mehta,Customer Support,Customer Success Manager,104060,8715,114375,01-04-2026
1004,Harsh Singh,Sales,Sales Manager,64064,14251,76315,01-04-2026
1005,Akash Sharma,IT,Data Analyst,84327,4265,86992,01-04-2026
1006,Amit Chatterjee,Sales,Sales Manager,35458,11436,46394,01-04-2026
1007,Rahul Shaikh,IT,System Administrator,91020,14220,104440,01-04-2026
1008,Aditya Sharma,IT,Data Analyst,70302,5419,72821,01-04-2026
1009,Myra Mehta,HR,HR Manager,56868,5119,59287,01-04-2026
1010,Sneha Mishra,Sales,Sales Manager,46986,14918,63604,01-04-2026
1011,Megha Sharma,Sales,Sales Manager,49738,5614,58352,01-04-2026
1012,Simran Banerjee,Sales,Sales Manager,42704,12033,57937,01-04-2026
1013,Shreya Joshi,IT,System Administrator,105247,3924,104771,01-04-2026
1014,Tanya Yadav,Customer Support,Customer Success Manager,94226,13014,104740,01-04-2026
1015,Krishna Pandey,Finance,Finance Manager,117181,5099,121980,01-04-2026
1016,Priya Kulkarni,HR,HR Executive,95641,2400,100241,01-04-2026
1017,Kavya Sharma,HR,HR Manager,88291,4652,94743,01-04-2026
1018,Vikas Iyer,Marketing,Marketing Executive,91689,8449,100938,01-04-2026
1019,Neha Pandey,Operations,Operations Manager,44887,2509,45096,01-04-2026
1020,Vivaan Shaikh,Sales,Sales Executive,57341,7124,61165,01-04-2026
1021,Megha Chatterjee,Operations,Operations Executive,114454,13748,128102,01-04-2026
1022,Sai Banerjee,Marketing,SEO Specialist,38453,7869,46822,01-04-2026
1023,Aditya Gupta,Marketing,Marketing Executive,100999,2506,102505,01-04-2026
1024,Ritu Verma,Customer Support,Support Executive,36580,3316,41696,01-04-2026
1025,Krishna Gupta,Sales,Sales Executive,64437,6494,68131,01-04-2026
1026,Vikas Reddy,Marketing,Marketing Manager,100758,5346,106804,01-04-2026
1027,Sai Kulkarni,Customer Support,Support Executive,63272,14676,79548,01-04-2026
1028,Vikas Banerjee,Sales,Business Development Manager,100107,2926,104633,01-04-2026
1029,Anika Banerjee,Marketing,SEO Specialist,94740,2694,96134,01-04-2026
1030,Megha Verma,Operations,Operations Manager,87950,13302,98452,01-04-2026
1031,Shaurya Sharma,Marketing,Marketing Executive,38223,2051,41574,01-04-2026
1032,Deepak Verma,Finance,Finance Analyst,81225,14382,99407,01-04-2026
1033,Payal Iyer,HR,HR Executive,115086,6631,123917,01-04-2026
1034,Atharva Chatterjee,Marketing,Marketing Executive,86738,4456,94694,01-04-2026
1035,Atharva Pandey,Operations,Operations Executive,55185,14702,70587,01-04-2026
1036,Vivaan Reddy,HR,HR Manager,37224,7050,44474,01-04-2026
1037,Pooja Mehta,IT,Data Analyst,81689,6669,89158,01-04-2026
1038,Neha Chatterjee,IT,Software Engineer,62673,10853,73726,01-04-2026
1039,Sneha Gupta,Finance,Finance Manager,31253,14961,46814,01-04-2026
1040,Simran Pandey,HR,HR Executive,108635,7932,119167,01-04-2026
1041,Arjun Chatterjee,Marketing,Marketing Executive,40629,10320,48249,01-04-2026
1042,Deepak Mishra,HR,HR Executive,45955,11132,54787,01-04-2026
1043,Yash Reddy,Customer Support,Support Executive,53553,8211,61964,01-04-2026
1044,Myra Singh,Finance,Finance Manager,75389,12360,89249,01-04-2026
1045,Amit Khan,Customer Support,Customer Success Manager,62163,11560,71123,01-04-2026
1046,Ananya Deshmukh,Customer Support,Customer Success Manager,72782,10438,79220,01-04-2026
1047,Ananya Nair,Operations,Operations Executive,83057,4393,86150,01-04-2026
1048,Kavya Reddy,Customer Support,Customer Success Manager,44671,2230,50101,01-04-2026
1049,Yash Deshmukh,Finance,Finance Analyst,58882,13003,70285,01-04-2026
1050,Shaurya Gupta,IT,Software Engineer,69263,11845,80608,01-04-2026
1051,Manish Iyer,Finance,Finance Manager,71521,12728,82749,01-04-2026
1052,Harsh Deshmukh,Operations,Operations Executive,33582,5569,34851,01-04-2026
1053,Sneha Joshi,IT,Data Analyst,88163,4595,93158,01-04-2026
1054,Anika Jain,Operations,Operations Executive,40895,3642,44937,01-04-2026
1055,Kavya Mehta,HR,HR Manager,118113,8994,126107,01-04-2026
1056,Neha Jain,Sales,Sales Manager,115576,7155,120631,01-04-2026
1057,Vivaan Khan,HR,HR Manager,39733,2776,39309,01-04-2026
1058,Sneha Mehta,Finance,Finance Manager,54215,7947,58562,01-04-2026
1059,Kavya Chatterjee,Sales,Sales Executive,112457,14850,127307,01-04-2026
1060,Manish Mishra,Finance,Finance Manager,43770,5441,51711,01-04-2026
1061,Vivaan Banerjee,Sales,Business Development Manager,46000,6825,53025,01-04-2026
1062,Kavya Verma,HR,Recruiter,59831,8365,64896,01-04-2026
1063,Arjun Pandey,Operations,Operations Executive,83295,7198,91793,01-04-2026
1064,Akash Joshi,Customer Support,Customer Success Manager,99156,2491,102647,01-04-2026
1065,Neha Mishra,Marketing,Marketing Manager,39693,7068,45661,01-04-2026
1066,Ishaan Verma,Sales,Business Development Manager,110989,12893,119882,01-04-2026
1067,Ritu Sharma,Operations,Operations Executive,32257,5090,35347,01-04-2026
1068,Sneha Gupta,Sales,Business Development Manager,104542,5612,109554,01-04-2026
1069,Harsh Verma,IT,Software Engineer,108693,11868,122361,01-04-2026
1070,Saurabh Mehta,IT,Senior Developer,49121,9355,58176,01-04-2026
1071,Neha Kulkarni,HR,HR Manager,103720,8993,113313,01-04-2026
1072,Myra Gupta,IT,Data Analyst,117920,11273,125993,01-04-2026
1073,Ira Mehta,Operations,Operations Manager,66077,3097,69674,01-04-2026
1074,Neha Iyer,Sales,Sales Executive,105348,10900,114248,01-04-2026
1075,Tanya Sharma,Marketing,Marketing Manager,99469,12034,107003,01-04-2026
1076,Ishaan Shaikh,HR,HR Executive,31370,4554,33324,01-04-2026
1077,Simran Mehta,Sales,Sales Manager,51672,13910,68582,01-04-2026
1078,Riya Khan,Customer Support,Support Executive,41882,10316,51998,01-04-2026
1079,Priya Chatterjee,HR,Recruiter,109375,2915,113790,01-04-2026
1080,Krishna Verma,Operations,Operations Executive,38445,2427,42872,01-04-2026
1081,Harsh Jain,Sales,Business Development Manager,69761,12660,78221,01-04-2026
1082,Pooja Reddy,Finance,Finance Manager,64417,5498,69015,01-04-2026
1083,Rohit Mishra,Marketing,SEO Specialist,119166,8991,128457,01-04-2026
1084,Vikas Nair,Customer Support,Customer Success Manager,64680,12611,76791,01-04-2026
1085,Payal Sharma,Sales,Business Development Manager,30318,3797,36215,01-04-2026
1086,Rahul Kulkarni,Sales,Sales Manager,30950,3495,34845,01-04-2026
1087,Reyansh Chatterjee,HR,HR Manager,72552,7412,77164,01-04-2026
1088,Tanya Nair,IT,Senior Developer,85256,5222,90478,01-04-2026
1089,Pooja Deshmukh,Sales,Sales Executive,51910,13472,61582,01-04-2026
1090,Rohit Chatterjee,Sales,Sales Executive,99667,5261,100328,01-04-2026
1091,Krishna Joshi,Customer Support,Support Executive,68914,8678,78192,01-04-2026
1092,Anika Verma,Sales,Sales Manager,58481,12067,70048,01-04-2026
1093,Saurabh Iyer,Operations,Operations Manager,113357,10438,124995,01-04-2026
1094,Shreya Khan,Operations,Operations Executive,96330,12951,108481,01-04-2026
1095,Krishna Joshi,Sales,Sales Manager,89363,14858,101021,01-04-2026
1096,Vivaan Pandey,Sales,Business Development Manager,74074,2848,76522,01-04-2026
1097,Nikhil Singh,Finance,Accountant,77597,5255,83252,01-04-2026
1098,Ira Kulkarni,Customer Support,Customer Success Manager,52603,14229,63632,01-04-2026
1099,Nikhil Chatterjee,IT,System Administrator,88952,3416,92968,01-04-2026
1100,Arjun Joshi,HR,Recruiter,43766,9676,54842,01-04-2026
1101,Amit Chatterjee,Marketing,SEO Specialist,64425,8208,72733,01-04-2026
1102,Amit Joshi,Sales,Business Development Manager,64641,4782,65823,01-04-2026
1103,Ritu Nair,Sales,Sales Manager,117622,13435,132957,01-04-2026
1104,Aarav Khan,IT,Senior Developer,84755,13319,95074,01-04-2026
1105,Diya Gupta,IT,Senior Developer,28253,10673,34626,01-04-2026
1106,Myra Deshmukh,HR,HR Manager,56259,6982,62241,01-04-2026
1107,Saurabh Sharma,Marketing,Marketing Manager,36638,9342,48080,01-04-2026
1108,Tanya Chatterjee,HR,HR Executive,52776,3808,55284,01-04-2026
1109,Saurabh Patel,Marketing,Marketing Executive,87845,10410,98755,01-04-2026
1110,Akash Iyer,Finance,Finance Analyst,44918,5281,51399,01-04-2026
1111,Ritu Gupta,Sales,Business Development Manager,25775,9946,35721,01-04-2026
1112,Anika Iyer,Finance,Finance Manager,94462,3588,101450,01-04-2026
1113,Vivaan Kulkarni,IT,Senior Developer,70706,6766,76872,01-04-2026
1114,Payal Jain,HR,HR Executive,118637,13293,132130,01-04-2026
1115,Arjun Iyer,Marketing,Marketing Manager,109256,2234,111590,01-04-2026
1116,Ishaan Chatterjee,Sales,Business Development Manager,71359,11115,81474,01-04-2026
1117,Sai Deshmukh,Sales,Business Development Manager,55796,7137,64233,01-04-2026
1118,Pooja Reddy,Operations,Operations Executive,96879,14882,111461,01-04-2026
1119,Vikas Reddy,HR,HR Manager,70100,6853,77553,01-04-2026
1120,Kavya Pandey,HR,HR Executive,87358,13104,102862,01-04-2026
1121,Yash Jain,Sales,Sales Manager,60991,3599,64090,01-04-2026
1122,Payal Shaikh,Operations,Operations Executive,108196,12918,118514,01-04-2026
1123,Sneha Reddy,Finance,Finance Analyst,103651,6889,110540,01-04-2026
1124,Neha Mehta,Marketing,SEO Specialist,96442,7681,102723,01-04-2026
1125,Arjun Reddy,Customer Support,Customer Success Manager,113605,11207,125412,01-04-2026
1126,Vivaan Singh,IT,Senior Developer,106760,5864,111324,01-04-2026
1127,Aarav Reddy,Marketing,Marketing Manager,97844,6730,105974,01-04-2026
1128,Aditya Sharma,Sales,Sales Executive,66720,2716,68936,01-04-2026
1129,Rahul Khan,Marketing,Marketing Manager,72950,14007,87157,01-04-2026
1130,Ira Sharma,Operations,Operations Manager,80543,9180,91123,01-04-2026
1131,Saurabh Khan,IT,Data Analyst,98140,3712,102552,01-04-2026
1132,Aarav Joshi,IT,Senior Developer,28252,3671,32123,01-04-2026
1133,Pooja Kulkarni,Marketing,Marketing Manager,36725,11754,47479,01-04-2026
1134,Harsh Deshmukh,Marketing,SEO Specialist,35735,11749,46984,01-04-2026
1135,Manish Nair,Customer Support,Customer Success Manager,88127,7429,94656,01-04-2026
1136,Vikas Joshi,Operations,Operations Manager,91950,6567,96517,01-04-2026
1137,Manish Khan,HR,Recruiter,34828,2228,35956,01-04-2026
1138,Kavya Shaikh,Sales,Sales Manager,61545,10434,75179,01-04-2026
1139,Karan Shaikh,HR,Recruiter,85822,8039,92461,01-04-2026
1140,Kavya Iyer,HR,HR Manager,40261,7681,46442,01-04-2026
1141,Manish Gupta,Sales,Sales Manager,84333,5681,86814,01-04-2026
1142,Atharva Deshmukh,IT,Software Engineer,62587,3994,64981,01-04-2026
1143,Ishaan Jain,IT,Data Analyst,32561,3301,37562,01-04-2026
1144,Nikhil Deshmukh,Finance,Accountant,115730,11039,127269,01-04-2026
1145,Rohit Iyer,Operations,Operations Manager,25369,12680,38949,01-04-2026
1146,Pooja Joshi,Sales,Business Development Manager,115522,12529,130151,01-04-2026
1147,Harsh Reddy,Customer Support,Support Executive,115386,11498,126984,01-04-2026
1148,Atharva Deshmukh,IT,Software Engineer,99782,2998,100780,01-04-2026
1149,Pooja Mehta,Operations,Operations Manager,29968,14673,46341,01-04-2026
1150,Nikhil Shaikh,Finance,Finance Manager,26451,13466,42017,01-04-2026
1151,Krishna Chatterjee,Sales,Business Development Manager,61154,11458,76412,01-04-2026
1152,Vikas Joshi,IT,Data Analyst,87596,8751,97247,01-04-2026
1153,Vivaan Kulkarni,Sales,Sales Manager,85662,4539,89801,01-04-2026
1154,Rohit Chatterjee,Sales,Business Development Manager,37806,3868,45674,01-04-2026
1155,Reyansh Joshi,Customer Support,Customer Success Manager,111399,8721,121620,01-04-2026
1156,Myra Kulkarni,IT,System Administrator,69851,12599,84750,01-04-2026
1157,Shreya Singh,Finance,Finance Analyst,29578,14916,45894,01-04-2026
1158,Harsh Nair,Finance,Finance Analyst,25680,13285,36465,01-04-2026
1159,Payal Reddy,Finance,Finance Analyst,76658,7416,85074,01-04-2026
1160,Diya Jain,Customer Support,Support Executive,90868,12589,103457,01-04-2026
1161,Diya Gupta,Finance,Accountant,74229,7862,83691,01-04-2026
1162,Myra Mehta,Sales,Sales Manager,61943,7912,67955,01-04-2026
1163,Ritu Jain,Sales,Sales Manager,70103,5285,74888,01-04-2026
1164,Priya Jain,IT,System Administrator,51530,2514,54244,01-04-2026
1165,Yash Pandey,Finance,Finance Analyst,110873,7145,117318,01-04-2026
1166,Karan Sharma,HR,Recruiter,39238,3299,38737,01-04-2026
1167,Ananya Patel,HR,HR Manager,45686,13561,60647,01-04-2026
1168,Myra Khan,Customer Support,Customer Success Manager,52279,4601,55980,01-04-2026
1169,Arjun Pandey,Operations,Operations Executive,92909,8385,101094,01-04-2026
1170,Karan Reddy,HR,HR Executive,75253,7533,85086,01-04-2026
1171,Reyansh Singh,Customer Support,Customer Success Manager,51973,7450,60523,01-04-2026
1172,Riya Sharma,Sales,Business Development Manager,67241,10134,77275,01-04-2026
1173,Ananya Khan,IT,Software Engineer,35534,4049,38683,01-04-2026
1174,Neha Iyer,HR,HR Executive,65796,3857,68853,01-04-2026
1175,Pooja Iyer,Customer Support,Customer Success Manager,100750,12524,114274,01-04-2026
1176,Manish Deshmukh,Customer Support,Support Executive,119207,10334,126541,01-04-2026
1177,Atharva Joshi,Customer Support,Support Executive,94475,3124,94999,01-04-2026
1178,Saurabh Yadav,HR,HR Manager,60489,10014,70603,01-04-2026
1179,Deepak Yadav,HR,Recruiter,35774,8210,44384,01-04-2026
1180,Diya Mishra,Customer Support,Support Executive,91760,11610,105270,01-04-2026
1181,Riya Banerjee,Sales,Sales Executive,111339,3886,113125,01-04-2026
1182,Megha Yadav,Finance,Finance Manager,114935,9706,122041,01-04-2026
1183,Tanya Gupta,Marketing,Marketing Manager,92010,8915,98725,01-04-2026
1184,Priya Chatterjee,HR,HR Manager,53879,2802,59581,01-04-2026
1185,Ishaan Reddy,Sales,Business Development Manager,25692,12448,38140,01-04-2026
1186,Ira Deshmukh,Operations,Operations Manager,26440,3259,28599,01-04-2026
1187,Simran Banerjee,Operations,Operations Manager,50500,5540,58140,01-04-2026
1188,Aadhya Chatterjee,Finance,Finance Analyst,29568,7065,36233,01-04-2026
1189,Sai Chatterjee,Sales,Sales Executive,55622,10047,64069,01-04-2026
1190,Ishaan Deshmukh,Marketing,Marketing Executive,115342,3272,115814,01-04-2026
1191,Vikas Khan,Sales,Sales Manager,44391,7797,53288,01-04-2026
1192,Rahul Sharma,HR,HR Manager,62441,10955,74796,01-04-2026
1193,Reyansh Nair,Marketing,SEO Specialist,107547,10289,119136,01-04-2026
1194,Rohit Deshmukh,IT,Data Analyst,53485,13676,67661,01-04-2026
1195,Pooja Patel,Operations,Operations Manager,86757,9189,96346,01-04-2026
1196,Aadhya Verma,Sales,Business Development Manager,86042,3414,88156,01-04-2026
1197,Arjun Nair,IT,Senior Developer,27113,14593,40406,01-04-2026
1198,Harsh Joshi,Sales,Sales Manager,67044,9578,76722,01-04-2026
1199,Reyansh Singh,Customer Support,Customer Success Manager,59095,12576,68071,01-04-2026
1200,Sneha Iyer,Marketing,SEO Specialist,101029,12458,116787,01-04-2026
1201,Yash Singh,HR,HR Manager,26830,12121,36051,01-04-2026
1202,Manish Nair,Operations,Operations Manager,72939,10193,85232,01-04-2026
1203,Atharva Nair,HR,Recruiter,103848,4958,109706,01-04-2026
1204,Aarav Shaikh,HR,HR Executive,99266,7163,108929,01-04-2026
1205,Megha Banerjee,Sales,Business Development Manager,25688,7304,30292,01-04-2026
1206,Ritu Banerjee,Operations,Operations Executive,50203,3636,52539,01-04-2026
1207,Simran Kulkarni,Sales,Sales Executive,74329,9075,81704,01-04-2026
1208,Priya Sharma,IT,Software Engineer,73177,14888,89265,01-04-2026
1209,Nikhil Khan,Marketing,Marketing Executive,81355,11741,91896,01-04-2026
1210,Vikas Patel,HR,HR Executive,87539,2458,90297,01-04-2026
1211,Megha Nair,Marketing,Marketing Manager,118804,14743,132347,01-04-2026
1212,Ishaan Kulkarni,Sales,Business Development Manager,97680,12255,107435,01-04-2026
1213,Nikhil Banerjee,IT,System Administrator,70111,9007,80218,01-04-2026
1214,Sai Gupta,Finance,Accountant,77964,12463,88827,01-04-2026
1215,Riya Patel,HR,HR Manager,29231,11435,40766,01-04-2026
1216,Pooja Mishra,Sales,Business Development Manager,114907,8843,122150,01-04-2026
1217,Arjun Shaikh,HR,Recruiter,88694,13098,100792,01-04-2026
1218,Kavya Mishra,Marketing,Marketing Executive,93235,3598,97033,01-04-2026
1219,Shreya Reddy,Finance,Finance Manager,94861,11001,105662,01-04-2026
1220,Vikas Khan,HR,HR Manager,98579,9754,105333,01-04-2026
1221,Rohit Gupta,Customer Support,Support Executive,63588,9863,71751,01-04-2026
1222,Akash Joshi,Finance,Finance Analyst,49594,11862,60756,01-04-2026
1223,Vivaan Joshi,Sales,Sales Executive,74675,8104,84879,01-04-2026
1224,Saurabh Gupta,Operations,Operations Manager,50848,10494,64542,01-04-2026
1225,Vivaan Patel,Sales,Sales Manager,65298,11562,74060,01-04-2026
1226,Ananya Shaikh,Marketing,SEO Specialist,51716,8874,61590,01-04-2026
1227,Aarav Gupta,HR,HR Executive,69765,14525,86090,01-04-2026
1228,Diya Banerjee,Customer Support,Support Executive,43625,6640,47665,01-04-2026
1229,Nikhil Pandey,Marketing,Marketing Executive,118517,6534,123551,01-04-2026
1230,Shreya Patel,Finance,Finance Manager,65853,2627,70580,01-04-2026
1231,Simran Deshmukh,Sales,Sales Executive,41842,5901,48043,01-04-2026
1232,Pooja Pandey,Finance,Finance Analyst,80422,5537,84059,01-04-2026
1233,Deepak Joshi,Operations,Operations Manager,106281,9954,114835,01-04-2026
1234,Rahul Joshi,Marketing,Marketing Executive,37458,9874,48132,01-04-2026
1235,Sai Verma,Marketing,Marketing Executive,59806,10964,71370,01-04-2026
1236,Shaurya Yadav,IT,Data Analyst,94554,10598,104452,01-04-2026
1237,Yash Iyer,IT,System Administrator,113730,13270,128500,01-04-2026
1238,Sai Reddy,Sales,Sales Executive,91973,9154,99527,01-04-2026
1239,Aadhya Pandey,HR,HR Manager,46860,11247,58807,01-04-2026
1240,Anika Sharma,Sales,Sales Manager,93297,2914,96011,01-04-2026
1241,Atharva Jain,Finance,Finance Manager,119967,4546,127613,01-04-2026
1242,Amit Kulkarni,Customer Support,Customer Success Manager,47330,4441,49171,01-04-2026
1243,Harsh Banerjee,HR,Recruiter,104858,7475,113233,01-04-2026
1244,Pooja Pandey,Operations,Operations Executive,69640,12472,83312,01-04-2026
1245,Vikas Mehta,Customer Support,Customer Success Manager,41657,9937,54694,01-04-2026
1246,Yash Shaikh,Finance,Accountant,71964,4388,71552,01-04-2026
1247,Shreya Mehta,Customer Support,Support Executive,82326,10126,88952,01-04-2026
1248,Saurabh Khan,Finance,Accountant,92064,13558,101822,01-04-2026
1249,Riya Nair,HR,HR Manager,103942,13722,114564,01-04-2026
1250,Karan Nair,Finance,Finance Manager,96398,13977,110175,01-04-2026
1251,Shreya Kulkarni,Finance,Finance Manager,48646,4764,54210,01-04-2026
1252,Akash Joshi,Sales,Sales Executive,33089,11488,46077,01-04-2026
1253,Sai Pandey,Marketing,Marketing Executive,113396,5240,121036,01-04-2026
1254,Rohit Pandey,Operations,Operations Manager,93923,12921,106144,01-04-2026
1255,Payal Joshi,Marketing,Marketing Manager,77405,2596,77501,01-04-2026
1256,Shaurya Shaikh,Customer Support,Support Executive,98913,12086,108599,01-04-2026
1257,Deepak Jain,Operations,Operations Manager,73756,13006,84862,01-04-2026
1258,Reyansh Mishra,Marketing,Marketing Executive,25233,5505,30738,01-04-2026
1259,Rohit Mishra,IT,Senior Developer,112065,13122,122687,01-04-2026
1260,Aditya Gupta,Sales,Sales Executive,35266,11283,42749,01-04-2026
1261,Harsh Deshmukh,Customer Support,Support Executive,42971,8465,49436,01-04-2026
1262,Arjun Nair,Marketing,Marketing Executive,76696,3367,77463,01-04-2026
1263,Sneha Iyer,Finance,Accountant,98689,3480,105169,01-04-2026
1264,Vikas Mishra,Customer Support,Support Executive,52300,4117,59917,01-04-2026
1265,Neha Nair,IT,Software Engineer,101595,4229,104024,01-04-2026
1266,Priya Nair,HR,Recruiter,92788,10057,105045,01-04-2026
1267,Ananya Joshi,HR,Recruiter,50134,14203,64037,01-04-2026
1268,Riya Pandey,Customer Support,Customer Success Manager,94243,5134,98377,01-04-2026
1269,Karan Khan,Operations,Operations Executive,51833,4131,54764,01-04-2026
1270,Myra Kulkarni,HR,HR Executive,113130,14653,127383,01-04-2026
1271,Aarav Banerjee,Marketing,SEO Specialist,80056,8440,88396,01-04-2026
1272,Deepak Yadav,Operations,Operations Manager,48857,14492,65249,01-04-2026
1273,Priya Kulkarni,Sales,Business Development Manager,44089,8157,52646,01-04-2026
1274,Sai Yadav,Marketing,Marketing Executive,83898,8990,92288,01-04-2026
1275,Harsh Yadav,Finance,Accountant,73195,5156,77751,01-04-2026
1276,Payal Gupta,Marketing,Marketing Executive,101755,3121,104976,01-04-2026
1277,Kavya Joshi,Operations,Operations Executive,96175,8743,106418,01-04-2026
1278,Rohit Khan,Operations,Operations Manager,112865,4526,115991,01-04-2026
1279,Shreya Joshi,HR,HR Manager,86423,8115,97238,01-04-2026
1280,Aditya Iyer,Sales,Sales Executive,77695,10080,85175,01-04-2026
1281,Kavya Banerjee,HR,HR Executive,106569,12797,118366,01-04-2026
1282,Atharva Jain,HR,HR Executive,60377,3353,65230,01-04-2026
1283,Arjun Patel,Operations,Operations Manager,50944,7928,56672,01-04-2026
1284,Payal Patel,Customer Support,Support Executive,74387,4883,74970,01-04-2026
1285,Ishaan Chatterjee,IT,System Administrator,99658,6359,105217,01-04-2026
1286,Ira Joshi,Sales,Sales Executive,89649,3050,88199,01-04-2026
1287,Pooja Mishra,Sales,Sales Executive,113268,14111,127279,01-04-2026
1288,Pooja Banerjee,Operations,Operations Executive,99676,2578,99254,01-04-2026
1289,Sai Patel,IT,Data Analyst,71863,12512,81775,01-04-2026
1290,Tanya Kulkarni,IT,Software Engineer,53265,12615,62780,01-04-2026
1291,Amit Verma,Customer Support,Customer Success Manager,69368,13830,80998,01-04-2026
1292,Shaurya Patel,Sales,Business Development Manager,89281,12445,100626,01-04-2026
1293,Manish Reddy,Customer Support,Support Executive,32736,4038,38374,01-04-2026
1294,Rahul Nair,Finance,Finance Analyst,40985,14523,57508,01-04-2026
1295,Amit Reddy,Customer Support,Customer Success Manager,111381,13499,125680,01-04-2026
1296,Sneha Gupta,HR,Recruiter,70933,9091,77024,01-04-2026
1297,Anika Verma,Sales,Business Development Manager,95227,13352,111679,01-04-2026
1298,Vivaan Sharma,Sales,Business Development Manager,112766,4872,116338,01-04-2026
1299,Kavya Khan,Marketing,Marketing Executive,50611,10835,58846,01-04-2026
1300,Manish Patel,HR,HR Executive,79894,2260,81654,01-04-2026
1301,Payal Reddy,Operations,Operations Manager,109383,2888,115771,01-04-2026
1302,Manish Sharma,Marketing,Marketing Executive,51698,7053,59951,01-04-2026
1303,Simran Chatterjee,HR,HR Executive,79759,7486,85945,01-04-2026
1304,Ritu Deshmukh,Customer Support,Support Executive,56676,6542,59018,01-04-2026
1305,Ritu Mehta,IT,Software Engineer,111814,2717,116131,01-04-2026
1306,Rohit Iyer,Customer Support,Support Executive,35192,14441,47133,01-04-2026
1307,Reyansh Kulkarni,Operations,Operations Executive,117360,4345,122505,01-04-2026
1308,Vikas Iyer,Marketing,Marketing Executive,58599,10687,66186,01-04-2026
1309,Reyansh Reddy,Finance,Accountant,104398,4991,112689,01-04-2026
1310,Anika Reddy,Operations,Operations Manager,99410,4541,104151,01-04-2026
1311,Atharva Iyer,HR,HR Manager,57561,5753,58814,01-04-2026
1312,Anika Mehta,Sales,Business Development Manager,91876,4789,96365,01-04-2026
1313,Anika Banerjee,Marketing,SEO Specialist,107006,5985,112891,01-04-2026
1314,Priya Pandey,Customer Support,Customer Success Manager,92674,4352,97326,01-04-2026
1315,Manish Joshi,IT,Software Engineer,110433,4154,114087,01-04-2026
1316,Aditya Kulkarni,Customer Support,Customer Success Manager,100462,5355,105517,01-04-2026
1317,Tanya Deshmukh,Operations,Operations Manager,111550,11884,119734,01-04-2026
1318,Krishna Mehta,HR,Recruiter,84032,6151,88583,01-04-2026
1319,Deepak Yadav,Finance,Accountant,65508,10784,77192,01-04-2026
1320,Manish Jain,Operations,Operations Manager,118311,10660,129071,01-04-2026
1321,Deepak Khan,HR,HR Executive,32990,7185,40375,01-04-2026
1322,Ananya Iyer,Finance,Accountant,41402,12187,53089,01-04-2026
1323,Pooja Jain,Finance,Accountant,112823,5337,117760,01-04-2026
1324,Harsh Iyer,Sales,Sales Manager,98130,12868,108898,01-04-2026
1325,Ritu Iyer,HR,HR Manager,87471,11323,97594,01-04-2026
1326,Karan Kulkarni,Marketing,Marketing Manager,80076,14283,94159,01-04-2026
1327,Ritu Pandey,Sales,Sales Executive,92249,8692,97041,01-04-2026
1328,Payal Kulkarni,Marketing,Marketing Manager,117311,7783,123994,01-04-2026
1329,Neha Shaikh,Finance,Accountant,81545,2736,85381,01-04-2026
1330,Ishaan Mehta,HR,HR Manager,89028,14255,100183,01-04-2026
1331,Megha Mehta,Marketing,Marketing Manager,116295,8371,125466,01-04-2026
1332,Kavya Yadav,HR,Recruiter,61228,8292,68620,01-04-2026
1333,Simran Chatterjee,IT,Software Engineer,36713,6477,39090,01-04-2026
1334,Riya Kulkarni,IT,Software Engineer,34825,4748,40673,01-04-2026
1335,Arjun Khan,Operations,Operations Executive,64104,11332,74936,01-04-2026
1336,Aarav Jain,Finance,Accountant,102239,2224,101063,01-04-2026
1337,Myra Banerjee,Customer Support,Customer Success Manager,110174,4768,113742,01-04-2026
1338,Arjun Yadav,IT,Data Analyst,105420,3709,110629,01-04-2026
1339,Myra Pandey,Sales,Business Development Manager,92126,7983,102209,01-04-2026
1340,Aadhya Gupta,HR,HR Manager,30139,12463,41802,01-04-2026
1341,Krishna Singh,Sales,Sales Executive,107414,14596,124010,01-04-2026
1342,Ira Shaikh,IT,System Administrator,117053,10545,128898,01-04-2026
1343,Manish Nair,Sales,Business Development Manager,94866,3432,95298,01-04-2026
1344,Aarav Iyer,IT,Senior Developer,65760,4515,66475,01-04-2026
1345,Sai Mishra,Marketing,Marketing Executive,67432,11616,80548,01-04-2026
1346,Krishna Jain,HR,HR Manager,110977,7041,119618,01-04-2026
1347,Neha Pandey,Operations,Operations Manager,105000,8517,109517,01-04-2026
1348,Vivaan Patel,IT,Software Engineer,101833,11973,114606,01-04-2026
1349,Myra Singh,IT,Data Analyst,92076,13283,100859,01-04-2026
1350,Rahul Nair,Operations,Operations Manager,86802,7742,98544,01-04-2026
1351,Anika Joshi,Operations,Operations Manager,100401,12291,110692,01-04-2026
1352,Yash Mishra,Customer Support,Customer Success Manager,42817,9902,52119,01-04-2026
1353,Ishaan Mishra,Operations,Operations Executive,36721,2552,38873,01-04-2026
1354,Amit Yadav,Marketing,SEO Specialist,41852,4133,46485,01-04-2026
1355,Arjun Mishra,IT,Senior Developer,55978,12946,69524,01-04-2026
1356,Ira Sharma,Operations,Operations Executive,81387,12876,94263,01-04-2026
1357,Nikhil Iyer,HR,HR Manager,82748,14335,96283,01-04-2026
1358,Riya Yadav,Customer Support,Support Executive,83683,12997,94880,01-04-2026
1359,Tanya Patel,Marketing,SEO Specialist,61082,4591,67473,01-04-2026
1360,Nikhil Shaikh,Sales,Sales Executive,29943,12665,44008,01-04-2026
1361,Yash Chatterjee,Customer Support,Support Executive,86141,5142,89083,01-04-2026
1362,Priya Mishra,Operations,Operations Executive,104167,8299,110866,01-04-2026
1363,Diya Verma,Finance,Accountant,110815,7776,116091,01-04-2026
1364,Myra Yadav,IT,Data Analyst,90717,7757,94174,01-04-2026
1365,Rohit Khan,Finance,Accountant,68374,7659,73033,01-04-2026
1366,Riya Jain,Operations,Operations Executive,118218,12578,125796,01-04-2026
1367,Diya Banerjee,HR,Recruiter,103816,3506,106222,01-04-2026
1368,Myra Gupta,Sales,Business Development Manager,111634,8709,117443,01-04-2026
1369,Vivaan Jain,HR,HR Manager,104814,7620,115434,01-04-2026
1370,Simran Jain,Finance,Finance Analyst,112971,7045,122516,01-04-2026
1371,Ira Nair,Sales,Sales Executive,108148,4795,114243,01-04-2026
1372,Tanya Joshi,HR,Recruiter,56948,10481,63129,01-04-2026
1373,Ishaan Chatterjee,Operations,Operations Manager,40937,7777,46514,01-04-2026
1374,Shreya Verma,Finance,Finance Manager,100839,2823,98862,01-04-2026
1375,Ananya Yadav,IT,Data Analyst,113616,13112,124528,01-04-2026
1376,Priya Chatterjee,Operations,Operations Manager,113840,4851,121291,01-04-2026
1377,Rahul Jain,Finance,Accountant,50132,3956,51788,01-04-2026
1378,Reyansh Verma,HR,HR Executive,46089,2301,48390,01-04-2026
1379,Harsh Iyer,Customer Support,Customer Success Manager,35523,5355,39578,01-04-2026
1380,Simran Mishra,Customer Support,Support Executive,45006,14944,63450,01-04-2026
1381,Anika Pandey,Finance,Finance Manager,101385,10499,107084,01-04-2026
1382,Neha Khan,IT,System Administrator,90341,10725,101566,01-04-2026
1383,Kavya Shaikh,Customer Support,Support Executive,65019,11522,73741,01-04-2026
1384,Simran Yadav,Operations,Operations Manager,111648,6451,119099,01-04-2026
1385,Vivaan Reddy,Operations,Operations Executive,111068,14319,128487,01-04-2026
1386,Nikhil Mehta,IT,Data Analyst,55611,3098,56209,01-04-2026
1387,Akash Reddy,HR,Recruiter,82430,6208,85038,01-04-2026
1388,Tanya Verma,Marketing,Marketing Manager,30261,11062,40123,01-04-2026
1389,Deepak Nair,IT,Senior Developer,59686,5732,65918,01-04-2026
1390,Tanya Verma,HR,HR Manager,55105,2985,58690,01-04-2026
1391,Aadhya Khan,Operations,Operations Manager,41818,2990,45308,01-04-2026
1392,Atharva Pandey,Customer Support,Support Executive,100982,6948,106430,01-04-2026
1393,Rahul Jain,HR,HR Manager,96908,9579,105987,01-04-2026
1394,Manish Mehta,HR,HR Manager,47149,6829,55778,01-04-2026
1395,Payal Mishra,Finance,Finance Manager,52911,5888,58199,01-04-2026
1396,Diya Yadav,Sales,Sales Manager,111017,11366,120383,01-04-2026
1397,Payal Khan,HR,HR Manager,68547,14649,84596,01-04-2026
1398,Neha Chatterjee,HR,HR Executive,99756,13353,110209,01-04-2026
1399,Krishna Joshi,HR,HR Executive,53299,5263,57762,01-04-2026
1400,Vivaan Sharma,IT,System Administrator,60989,3325,64414,01-04-2026
1401,Diya Sharma,Operations,Operations Executive,73150,7339,77589,01-04-2026
1402,Manish Pandey,Marketing,SEO Specialist,40351,10317,50968,01-04-2026
1403,Atharva Nair,IT,System Administrator,46739,6803,50042,01-04-2026
1404,Ishaan Joshi,Operations,Operations Executive,26460,9457,37617,01-04-2026
1405,Ritu Mehta,Sales,Sales Executive,78752,13985,93237,01-04-2026
1406,Reyansh Kulkarni,Finance,Finance Manager,96187,12486,106173,01-04-2026
1407,Harsh Mehta,Operations,Operations Executive,40230,10722,52852,01-04-2026
1408,Saurabh Patel,Sales,Business Development Manager,73129,5469,77598,01-04-2026
1409,Shreya Khan,Sales,Business Development Manager,104675,6632,113207,01-04-2026
1410,Atharva Khan,Sales,Sales Executive,37680,14457,50737,01-04-2026
1411,Harsh Shaikh,IT,Data Analyst,74449,9261,85510,01-04-2026
1412,Ishaan Kulkarni,HR,HR Executive,67107,13023,80130,01-04-2026
1413,Sneha Sharma,Marketing,Marketing Manager,33156,10158,40714,01-04-2026
1414,Rohit Patel,IT,System Administrator,52350,10267,61517,01-04-2026
1415,Shaurya Khan,Sales,Sales Manager,27428,12204,35632,01-04-2026
1416,Megha Iyer,Finance,Accountant,28059,9972,37231,01-04-2026
1417,Arjun Jain,Sales,Sales Executive,52272,13507,64379,01-04-2026
1418,Ritu Kulkarni,HR,HR Executive,109666,8404,118870,01-04-2026
1419,Sneha Singh,Operations,Operations Manager,87942,6904,92546,01-04-2026
1420,Shaurya Iyer,Sales,Sales Manager,109055,14651,127206,01-04-2026
1421,Kavya Joshi,Finance,Accountant,60272,2290,63962,01-04-2026
1422,Yash Patel,Sales,Business Development Manager,76755,11544,88899,01-04-2026
1423,Kavya Sharma,Operations,Operations Executive,48693,4950,50343,01-04-2026
1424,Krishna Shaikh,HR,HR Manager,50062,12724,59186,01-04-2026
1425,Anika Chatterjee,Sales,Sales Manager,86000,8750,93750,01-04-2026
1426,Ishaan Kulkarni,Finance,Accountant,103911,6873,110784,01-04-2026
1427,Ishaan Deshmukh,Sales,Sales Executive,111904,2503,116407,01-04-2026
1428,Karan Verma,Sales,Sales Manager,65287,4749,72336,01-04-2026
1429,Reyansh Shaikh,IT,Senior Developer,103500,7902,112802,01-04-2026
1430,Ritu Shaikh,Customer Support,Support Executive,99381,8373,106154,01-04-2026
1431,Ananya Shaikh,IT,Software Engineer,29771,6281,34252,01-04-2026
1432,Shreya Gupta,Customer Support,Customer Success Manager,96060,7751,103911,01-04-2026
1433,Priya Banerjee,Sales,Business Development Manager,104932,7102,108934,01-04-2026
1434,Anika Joshi,Finance,Finance Manager,111380,14265,125345,01-04-2026
1435,Simran Nair,Marketing,SEO Specialist,83419,5103,87422,01-04-2026
1436,Megha Pandey,Operations,Operations Manager,116841,3348,118689,01-04-2026
1437,Sneha Gupta,Operations,Operations Manager,91434,11751,103085,01-04-2026
1438,Akash Mehta,Operations,Operations Executive,116363,10357,129320,01-04-2026
1439,Krishna Gupta,Finance,Finance Analyst,101695,6401,110396,01-04-2026
1440,Rohit Jain,IT,Senior Developer,37139,2564,36403,01-04-2026
1441,Payal Verma,Marketing,SEO Specialist,77367,2305,79972,01-04-2026
1442,Vivaan Mishra,Finance,Accountant,33912,13364,46476,01-04-2026
1443,Megha Iyer,Marketing,Marketing Manager,25420,13653,41873,01-04-2026
1444,Krishna Yadav,Marketing,Marketing Executive,65152,13401,77853,01-04-2026
1445,Priya Shaikh,Customer Support,Support Executive,77049,7447,84696,01-04-2026
1446,Rahul Singh,Sales,Sales Manager,98949,9214,107963,01-04-2026
1447,Rahul Iyer,Finance,Accountant,87012,14593,103405,01-04-2026
1448,Aadhya Verma,IT,Software Engineer,94837,8002,98939,01-04-2026
1449,Karan Mishra,Sales,Business Development Manager,117787,12269,127656,01-04-2026
1450,Ritu Pandey,IT,System Administrator,42549,10948,53897,01-04-2026
1451,Nikhil Sharma,Operations,Operations Manager,66153,10114,78867,01-04-2026
1452,Priya Patel,Finance,Accountant,25024,10302,37426,01-04-2026
1453,Anika Joshi,Finance,Finance Manager,59624,6983,68407,01-04-2026
1454,Arjun Patel,Marketing,Marketing Manager,43518,4594,48412,01-04-2026
1455,Sneha Jain,Customer Support,Support Executive,79567,9106,90073,01-04-2026
1456,Karan Kulkarni,Sales,Business Development Manager,85249,12391,94240,01-04-2026
1457,Diya Kulkarni,Operations,Operations Executive,80335,12564,93699,01-04-2026
1458,Reyansh Singh,Finance,Finance Manager,106608,8141,114149,01-04-2026
1459,Riya Deshmukh,Operations,Operations Executive,45196,10147,53943,01-04-2026
1460,Arjun Joshi,Sales,Sales Manager,107351,13625,120576,01-04-2026
1461,Sneha Gupta,Marketing,SEO Specialist,71084,4341,76725,01-04-2026
1462,Ananya Yadav,Finance,Accountant,54550,7149,62199,01-04-2026
1463,Atharva Chatterjee,Sales,Sales Executive,26988,12325,36013,01-04-2026
1464,Shreya Deshmukh,Customer Support,Support Executive,61285,14072,76057,01-04-2026
1465,Atharva Gupta,IT,Data Analyst,36406,3617,39723,01-04-2026
1466,Akash Shaikh,Marketing,SEO Specialist,96666,2465,100631,01-04-2026
1467,Yash Mishra,Marketing,SEO Specialist,106577,2766,112343,01-04-2026
1468,Rohit Deshmukh,HR,HR Manager,67991,7209,77100,01-04-2026
1469,Karan Yadav,Finance,Finance Manager,63399,5688,68687,01-04-2026
1470,Aditya Yadav,Operations,Operations Manager,91522,5620,99742,01-04-2026
1471,Vivaan Chatterjee,Marketing,SEO Specialist,77479,11689,87168,01-04-2026
1472,Vivaan Nair,Marketing,SEO Specialist,76927,13769,89696,01-04-2026
1473,Aadhya Deshmukh,Sales,Sales Manager,45742,4094,51936,01-04-2026
1474,Priya Banerjee,Sales,Business Development Manager,33358,9020,40678,01-04-2026
1475,Manish Singh,IT,Data Analyst,46297,8815,58612,01-04-2026
1476,Arjun Shaikh,Operations,Operations Executive,91317,9957,101874,01-04-2026
1477,Vivaan Mehta,Finance,Finance Analyst,119980,2482,118662,01-04-2026
1478,Akash Yadav,Operations,Operations Manager,67056,9687,73443,01-04-2026
1479,Neha Pandey,Finance,Finance Manager,40264,7586,45750,01-04-2026
1480,Deepak Reddy,IT,System Administrator,61749,3287,66236,01-04-2026
1481,Harsh Mishra,Sales,Business Development Manager,37254,3859,41113,01-04-2026
1482,Shaurya Patel,Finance,Accountant,109315,9043,119958,01-04-2026
1483,Priya Nair,Sales,Sales Manager,101420,8192,112712,01-04-2026
1484,Deepak Reddy,HR,HR Manager,110792,12629,121421,01-04-2026
1485,Karan Pandey,Marketing,Marketing Executive,42918,7348,48466,01-04-2026
1486,Neha Mehta,Sales,Sales Manager,45231,10791,57822,01-04-2026
1487,Vivaan Iyer,Finance,Finance Manager,89003,11956,97259,01-04-2026
1488,Yash Kulkarni,Sales,Sales Manager,78503,11086,88489,01-04-2026
1489,Ananya Sharma,HR,HR Executive,96013,2377,100390,01-04-2026
1490,Diya Iyer,HR,HR Manager,85168,13046,96514,01-04-2026
1491,Neha Mehta,Customer Support,Support Executive,81791,6003,84794,01-04-2026
1492,Simran Reddy,Sales,Sales Executive,39174,8523,45697,01-04-2026
1493,Yash Yadav,Marketing,SEO Specialist,69365,5542,72407,01-04-2026
1494,Shreya Yadav,Sales,Business Development Manager,62333,14295,79228,01-04-2026
1495,Atharva Yadav,Marketing,Marketing Manager,38763,4314,42977,01-04-2026
1496,Arjun Shaikh,Operations,Operations Manager,107516,13299,122315,01-04-2026
1497,Arjun Khan,HR,HR Manager,86041,8657,91898,01-04-2026
1498,Shreya Yadav,Sales,Business Development Manager,25886,4151,30437,01-04-2026
1499,Reyansh Yadav,HR,Recruiter,79418,6966,88984,01-04-2026
1500,Amit Singh,Marketing,Marketing Manager,36230,3003,39733,01-04-2026
